loss,accuracy,val_loss,val_accuracy
0.11705120161430156,0.38908451795578003,0.0017890305286715033,0.5711774826049805
0.004984523813621382,0.4286971688270569,0.0014926436997995908,0.5711774826049805
0.0019000795404992578,0.47315141558647156,0.0014365507003554557,0.5237258076667786
